[
  {
    "value": "김준태",
    "synonyms": [
      "김준태"
    ]
  },
  {
    "value": "문봉교",
    "synonyms": [
      "문봉교"
    ]
  },
  {
    "value": "손윤식",
    "synonyms": [
      "손윤식"
    ]
  },
  {
    "value": "신연순",
    "synonyms": [
      "신연순"
    ]
  },
  {
    "value": "안종석",
    "synonyms": [
      "안종석"
    ]
  },
  {
    "value": "이강우",
    "synonyms": [
      "이강우"
    ]
  },
  {
    "value": "이용규",
    "synonyms": [
      "이용규"
    ]
  },
  {
    "value": "정준호",
    "synonyms": [
      "정준호"
    ]
  },
  {
    "value": "정진우",
    "synonyms": [
      "정진우"
    ]
  },
  {
    "value": "주종화",
    "synonyms": [
      "주종화"
    ]
  },
  {
    "value": "주해종",
    "synonyms": [
      "주해종"
    ]
  },
  {
    "value": "최은만",
    "synonyms": [
      "최은만"
    ]
  }
]