[
  {
    "id": "3c46ab35-de11-45fe-ad7f-2aa346595515",
    "data": [
      {
        "text": "2014",
        "meta": "@Year",
        "alias": "Year",
        "userDefined": false
      },
      {
        "text": "년 ",
        "userDefined": false
      },
      {
        "text": "1",
        "userDefined": false
      },
      {
        "text": "학기",
        "userDefined": false
      },
      {
        "text": ",",
        "userDefined": false
      },
      {
        "text": "2",
        "userDefined": false
      },
      {
        "text": "학기",
        "userDefined": false
      },
      {
        "text": " ",
        "userDefined": false
      },
      {
        "text": "개강일",
        "userDefined": false
      },
      {
        "text": " 및 ",
        "userDefined": false
      },
      {
        "text": "종강일",
        "userDefined": false
      },
      {
        "text": " ",
        "userDefined": false
      },
      {
        "text": "정보",
        "userDefined": false
      },
      {
        "text": "가 필요합니다.",
        "userDefined": false
      }
    ],
    "isTemplate": false,
    "count": 0,
    "lang": "ko",
    "updated": 0
  },
  {
    "id": "b53c9a3d-db0e-4eba-a90f-e14aeb243e5a",
    "data": [
      {
        "text": "2013",
        "meta": "@Year",
        "alias": "Year",
        "userDefined": true
      },
      {
        "text": "년 ",
        "userDefined": false
      },
      {
        "text": "1",
        "userDefined": false
      },
      {
        "text": "학기",
        "userDefined": false
      },
      {
        "text": ",",
        "userDefined": false
      },
      {
        "text": "2",
        "userDefined": false
      },
      {
        "text": "학기",
        "userDefined": false
      },
      {
        "text": " ",
        "userDefined": false
      },
      {
        "text": "개강일",
        "userDefined": false
      },
      {
        "text": " 및 ",
        "userDefined": false
      },
      {
        "text": "종강일",
        "userDefined": false
      },
      {
        "text": " ",
        "userDefined": false
      },
      {
        "text": "정보",
        "userDefined": false
      },
      {
        "text": "가 필요합니다.",
        "userDefined": false
      }
    ],
    "isTemplate": false,
    "count": 0,
    "lang": "ko",
    "updated": 0
  }
]