[
  {
    "data": [
      {
        "text": "제가 학석사연계과정을 통해 학부생때 대학원 강좌를 총 6학점 선수강 했습니다. 학부 졸업에 필요한 학점을 모두 채운뒤 초과로 수강한 대학원 강좌의 학점은 대학원에서의 학점으로 인정이 된다고 알고 있는데 어떤 방법으로 이것을 확인할 수 있는지 알 수 있을까요?",
        "userDefined": false
      }
    ],
    "isTemplate": false,
    "count": 0,
    "lang": "ko",
    "updated": 0
  }
]