[
  {
    "data": [
      {
        "text": "안녕하세요, 사학과 3학년 심영교입니다.\n\n어제 국방부에서 소집서가 발부되어 입영 연기를 하기 위해 각종 증명서를 발급하는 도중, 유드림스에서는 강의 조교의 증명서를 발급할 수 없다는 것을 알게 되었습니다.\n\n강의 조교의 임명 확인서는 어디서 어떻게 발급받을 수 있는지 답변 부탁드립니다.",
        "userDefined": false
      }
    ],
    "isTemplate": false,
    "count": 0,
    "lang": "ko",
    "updated": 0
  }
]