[
  {
    "data": [
      {
        "text": "취업지원을 하면서 동아리 활동을 증명할 수 있는 서류를 제출할 것을 요청받았습니다.\n\n교내 동아리 활동을 진행했었는데, 유드림스에서 확인해보니 아무런 활동도 남아있지 않았습니다.\n\n동아리는 중앙동아리였습니다. 어떻게 해야 활동 증빙서류를 받을 수 있을까요?",
        "userDefined": false
      }
    ],
    "isTemplate": false,
    "count": 0,
    "lang": "ko",
    "updated": 0
  }
]