[
  {
    "data": [
      {
        "text": "3학년 2학기까지 마친 상태입니다.\n\n1. 그런데 현재(20년 1월 1일 기준) 성적 증명서는 3학년 1학기까지만 나옵니다. 언제 이후 3학년 2학기까지 포함한 증명서를 뽑을 수 있나요?\n\n2. 수료 증명서 역시 3학년 수료는 언제 이후 출력할 수 있나요?\n\n3. 저희 학교는 \"(0학년) 수료 예정 증명서\"는 없는 것 같던데, 대체할 만한 증명서가 있을까요?(재적 증명서라든지 등)",
        "userDefined": false
      }
    ],
    "isTemplate": false,
    "count": 0,
    "lang": "ko",
    "updated": 0
  }
]