[
  {
    "data": [
      {
        "text": "이번에 입학해서 아직 낯설고 모르겠어서 질문 드려요!\n\n졸업에 꼭 필요한 영어점수가 있다고 들었는데요,\n예를 들면 토익 ____점 이렇게 명시가 되어있는건가요?\n\n만약 그렇다면 그 종류와 넘어야하는 점수 등등을 알려주실수 있으신지요..??^^\n\n답변 부탁드립니다!!",
        "userDefined": false
      }
    ],
    "isTemplate": false,
    "count": 0,
    "lang": "ko",
    "updated": 0
  }
]