[
  {
    "data": [
      {
        "text": "졸업하려면 토익성적 700점 이상 맞아야 하잖아요?\n 제가 지금 1학년인데 지금 내면 졸업요건으로 인정되나요?\n졸업요건으로 인정되려면 3-4학년때 친걸로 내야하나요?\n\n혹시 지금 내도 된다면 그냥 혜화관 4층 사무실에\n원본만 성적표 원본만 제출해도 되는것인지 궁금합니다!",
        "userDefined": false
      }
    ],
    "isTemplate": false,
    "count": 0,
    "lang": "ko",
    "updated": 0
  }
]