[
  {
    "data": [
      {
        "text": "교육대학원생입니다.\n\n분할납부B신청이 되지 않습니다.\n재학생만 신청 가능하다고 오류메시지가 뜹니다.\n\n오늘(3.14.월) 재무팀에 연락을 하였더니 시스템 오류인 것 같다고 하셔서 오후에 재신청하도록 안내를 받았는데 아직도 해결이 되지 않았네요?? 오후에도 한번 더 연락을 드렸었는데 담당자분께서 자리를 비우셨다고 4시 이후로 연락주신다더니 안주시고 퇴근하셨더라고요.\n\n내일 당장 신청 마감일인데 빨리 고쳐주야지 등록을 하죠....참 당황스럽습니다;;;\n\n바로 신청할 수 있게 처리 부탁드립니다.",
        "userDefined": false
      }
    ],
    "isTemplate": false,
    "count": 0,
    "lang": "ko",
    "updated": 0
  }
]