[
  {
    "data": [
      {
        "text": "안녕하세요 유드림스 학적에서 성적을 확인해보니 재수강 여부 구분란에 NEW재수강 이라고 표기 되어있있는데 이게 뭘 뜻 하는지 문의 드립니다. 재수강을 했다는 건가요? 그럼왜 OLD재수강은없죠..? 2015년 2학기 학수강좌번호 LAW-2032 과학기술법입니다.",
        "userDefined": false
      }
    ],
    "isTemplate": false,
    "count": 0,
    "lang": "ko",
    "updated": 0
  }
]