[
  {
    "data": [
      {
        "text": "만해관 열람실 사물함을 이용하고 싶어 공지내용을 봤더니 1개월 이용료가 7000원으로 적혀있더라고요 .... 인터넷을 통해 주식회사 새누 홈페이지 통해 신청하려고 보니 2019년 5월 13일부터 이용하려고 하는데도 불구하고 무조건 28000원을 입금해야 하더라고요....기간이 무조건 3월1일부터 사용하는식으로 카운트 되는데,,,,합리적이지 않다 생각이 들어서요...  방법이 없을까요? 주식회사 새누에 전화해보니 우리는 관리만하니깐 학교측에 연락해보라고 하여 이렇게 문의남깁니다. ",
        "userDefined": false
      }
    ],
    "isTemplate": false,
    "count": 0,
    "lang": "ko",
    "updated": 0
  }
]