[
  {
    "data": [
      {
        "text": "안녕하세요\n\n1층 열람실에서 논문 작업하는 대학원생 입니다.\n\n제가 항상 비슷한 자리에 앉는데 도서관 1층에 사시는분이 있습니다.\n\n도서관 관계자 분들도 이를 인지하고 계신지는 모르겠으나,\n\n자리에 없는 콘센트를 멀티탭을 연결해서\n\n본인 책상으로 연결해서 노트북 충전을 합니다. 노트북도 자주 이용하시구요 \n\n원래 1층 열람실에서도 노트북 사용이 금지되어 있으나, 인강을 듣는 수준이면 다들 묵인하고\n\n넘어갑니다. 제가 한두번 본것도 아니고 근로학생들이 와서 노트북 사용이 안된다고 말하면\n\n그 자리에서 덮고 근로학생이 가자마자 다시 켜서 사용합니다. 이런 적이 수십번은 되는데\n\n항상 보면 그 자리에 앉아서 꿋꿋하게 노트북으로 타이핑 치십니다.\n\n항상 근로학생분들도 일하시고 그런데 왜 이런 문제가 지속적으로 발생해서 다른 공부하는\n\n학생들이 피해를 봐야되는지 모르겠으며, 제가 그 분이 그 자리에서 시는걸 본지도 몇개월은\n\n된듯 합니다. 도서관 관계자 분들이 엄연히 도서관인데 공부도 하지않으면서 \n\n자리에서 잦은 노트북 사용으로 다른 학생들에게 민폐를 주는 이용자에 대한 상황을 인지하고\n\n적절한 조치를 취해주셨으면 좋겠습니다.",
        "userDefined": false
      }
    ],
    "isTemplate": false,
    "count": 0,
    "lang": "ko",
    "updated": 0
  },
  {
    "data": [
      {
        "text": "오늘(월요일) 저녁 8시에 로비 테스크제일 밖에서 근무하시는분 도서관직원인가요? 앞머리 있고염색한머리묶으신여자분\n\n오늘무슨안좋은일있었는지 얼굴썩어서 서계시더라구요\n부탁어조로 뭐물어보는데도 학생증왜안가져왔냐고 따져묻기바쁘고 떽떽거리네요. 방법이 있는지 문의 했는데 본인 기분 컨트롤 못한듯 보였습니다.\n\n왜 같은말도 그따위로하죠? 사람하고대화하는법 모르는분이신가... 문의한내용이 안되는거면 안된다고 좋게말하면되지\n그분 때문에 기분이 아주 불쾌했고 개선이 필요하다고 생각하여 글남깁니다. 친절한 직원 분도 많은데 그분때문에 다 같이 욕먹을순 없잖아요?\n\n그분이 무슨 변명을 하실지 어쩔지는 모르겠으나, 성인이 그렇게 자기 기분 컨트롤 못하고 남에게 불쾌감을 줄거면 그냥 집에서 쉬시는건 어떤지요?",
        "userDefined": false
      }
    ],
    "isTemplate": false,
    "count": 0,
    "lang": "ko",
    "updated": 0
  }
]