[
  {
    "data": [
      {
        "text": "안녕하세요. \n유튜브에서 백색소음 채널을 운영하는 J라고합니다.\n\n학생들이 돈을 쓰지 않고 집중할 수 있는 환경을 조성하고자 \n카페 백색소음, 도서관 백색소음 등을 제작하여 올리고 있습니다.\n\n많은 학생들이 백색소음 채널에서 본인이 가고 싶어하는 대학교 도서관 소리를 들으며 동기부여를 받고 공부를 하고 있습니다.\n\n제가 문의를 드리는 이유는 다름이 아니라 \n동국대학교 도서관에 1회 출입하여 공부를 하면서 녹음이 가능한지 확인코자 연락을 드렸습니다.\n\n번거로우시겠지만 도서관 입장 및 녹음 요청에 응해주셔서 부디 많은 학생들이 좋은 콘텐츠로\n공부할 수 있는 시스템을 구축하는 데 도움주시면 감사하겠습니다! :) \n\n콘텐츠가 올라가면 동국대학교에 대한 홍보 자체도 가능한 것이기에 긍정적으로 검토 부탁 드립니다.\n\n\n참고 - 백색소음 채널 : https://www.youtube.com/channel/UCQi7WoZ82_vYnPJaqEmMrEg/\n\n\n감사합니다.\n백색소음 드림",
        "userDefined": false
      }
    ],
    "isTemplate": false,
    "count": 0,
    "lang": "ko",
    "updated": 0
  }
]