[
  {
    "data": [
      {
        "text": "안녕하세요 2019 2학기를 마지막으로 이제 졸업하는 학부생입니다.\n\n\n\n제가 궁금한점은 졸업을하고도 자격증 취득을 위해 공부를 해야해서 중앙도서관 및 학교 도서관 이용을 하고싶어 문의드립니다.\n\n\n\n어떤 절차가 있어야 하는지 알고싶습니다.",
        "userDefined": false
      }
    ],
    "isTemplate": false,
    "count": 0,
    "lang": "ko",
    "updated": 0
  },
  {
    "data": [
      {
        "text": "졸업생이 중앙도서관에서 특별 열람증을 발급받으면 법학도서관 열람실에도 자유로이 출입할 수 있나요??",
        "userDefined": false
      }
    ],
    "isTemplate": false,
    "count": 0,
    "lang": "ko",
    "updated": 0
  }
]