[
  {
    "id": "56251330-6bc6-4cab-ac7b-676b49cb29b1",
    "data": [
      {
        "text": "안종석",
        "meta": "@professor",
        "alias": "professor",
        "userDefined": false
      },
      {
        "text": " ",
        "userDefined": false
      },
      {
        "text": "교수님",
        "userDefined": false
      },
      {
        "text": " ",
        "userDefined": false
      },
      {
        "text": "연구실",
        "userDefined": false
      },
      {
        "text": "은",
        "userDefined": false
      },
      {
        "text": " 몇 층인가요?",
        "userDefined": false
      }
    ],
    "isTemplate": false,
    "count": 0,
    "lang": "ko",
    "updated": 0
  },
  {
    "id": "6668837b-606e-43be-a54b-55c484acf1fa",
    "data": [
      {
        "text": "주종화",
        "meta": "@professor",
        "alias": "professor",
        "userDefined": false
      },
      {
        "text": " ",
        "userDefined": false
      },
      {
        "text": "교수님",
        "userDefined": false
      },
      {
        "text": " ",
        "userDefined": false
      },
      {
        "text": "연구실",
        "userDefined": false
      },
      {
        "text": "이",
        "userDefined": false
      },
      {
        "text": " 어딘지 알려주세요",
        "userDefined": false
      }
    ],
    "isTemplate": false,
    "count": 0,
    "lang": "ko",
    "updated": 0
  },
  {
    "id": "598bf910-4598-4727-9081-1e1a4801419a",
    "data": [
      {
        "text": "정준호",
        "meta": "@professor",
        "alias": "professor",
        "userDefined": false
      },
      {
        "text": " ",
        "userDefined": false
      },
      {
        "text": "교수님",
        "userDefined": false
      },
      {
        "text": " ",
        "userDefined": false
      },
      {
        "text": "연구실",
        "userDefined": false
      },
      {
        "text": " 위치가 어디인가요?",
        "userDefined": false
      }
    ],
    "isTemplate": false,
    "count": 0,
    "lang": "ko",
    "updated": 0
  }
]