[
  {
    "id": "5e3eb520-25e5-4988-a1c6-53848ebfe855",
    "data": [
      {
        "text": "김준태",
        "meta": "@professor",
        "alias": "professor",
        "userDefined": false
      },
      {
        "text": " 교수님 이메일좀 가르쳐 주세요",
        "userDefined": false
      }
    ],
    "isTemplate": false,
    "count": 0,
    "lang": "ko",
    "updated": 0
  },
  {
    "id": "f88a2b1a-94a2-41c7-a162-f741dc5fb7fc",
    "data": [
      {
        "text": "정진우",
        "meta": "@professor",
        "alias": "professor",
        "userDefined": false
      },
      {
        "text": " 교수님 이메일 주소가 필요해요",
        "userDefined": false
      }
    ],
    "isTemplate": false,
    "count": 0,
    "lang": "ko",
    "updated": 0
  },
  {
    "id": "6f41da32-6393-4d7b-bd89-9bc0c27bf273",
    "data": [
      {
        "text": "최은만",
        "meta": "@professor",
        "alias": "professor",
        "userDefined": false
      },
      {
        "text": " 교수님 이메일 주소좀 알려주세요",
        "userDefined": false
      }
    ],
    "isTemplate": false,
    "count": 0,
    "lang": "ko",
    "updated": 0
  }
]