[
  {
    "id": "25d6c934-9d7e-4f54-9880-9187b868a3cc",
    "data": [
      {
        "text": "문봉교",
        "meta": "@professor",
        "alias": "professor",
        "userDefined": false
      },
      {
        "text": " ",
        "userDefined": false
      },
      {
        "text": "교수님",
        "userDefined": false
      },
      {
        "text": " ",
        "userDefined": false
      },
      {
        "text": "전문",
        "userDefined": false
      },
      {
        "text": "분야 좀 알려주세요",
        "userDefined": false
      }
    ],
    "isTemplate": false,
    "count": 0,
    "lang": "ko",
    "updated": 0
  },
  {
    "id": "262cb732-4fe1-4062-97ee-c0924f8b1cfb",
    "data": [
      {
        "text": "손윤식",
        "meta": "@professor",
        "alias": "professor",
        "userDefined": false
      },
      {
        "text": " ",
        "userDefined": false
      },
      {
        "text": "교수님",
        "userDefined": false
      },
      {
        "text": " 전공",
        "userDefined": false
      },
      {
        "text": "이",
        "userDefined": false
      },
      {
        "text": " 알고싶어요",
        "userDefined": false
      }
    ],
    "isTemplate": false,
    "count": 0,
    "lang": "ko",
    "updated": 0
  },
  {
    "id": "02847026-643b-42d5-aca4-95c10a81b14a",
    "data": [
      {
        "text": "최은만",
        "meta": "@professor",
        "alias": "professor",
        "userDefined": false
      },
      {
        "text": " ",
        "userDefined": false
      },
      {
        "text": "교수님",
        "userDefined": false
      },
      {
        "text": " 전공분야가 뭔가요?",
        "userDefined": false
      }
    ],
    "isTemplate": false,
    "count": 0,
    "lang": "ko",
    "updated": 0
  }
]