[
  {
    "id": "f4527242-a429-4973-8430-fb128ba3be48",
    "data": [
      {
        "text": "정진우",
        "meta": "@professor",
        "alias": "professor",
        "userDefined": false
      },
      {
        "text": " ",
        "userDefined": false
      },
      {
        "text": "교수님",
        "userDefined": false
      },
      {
        "text": " ",
        "userDefined": false
      },
      {
        "text": "전화",
        "userDefined": false
      },
      {
        "text": "번호가 뭔가요?",
        "userDefined": false
      }
    ],
    "isTemplate": false,
    "count": 0,
    "lang": "ko",
    "updated": 0
  },
  {
    "id": "79de7de3-2cc8-4f6f-a761-8db859e95b56",
    "data": [
      {
        "text": "김준태",
        "meta": "@professor",
        "alias": "professor",
        "userDefined": false
      },
      {
        "text": " ",
        "userDefined": false
      },
      {
        "text": "교수님",
        "userDefined": false
      },
      {
        "text": " ",
        "userDefined": false
      },
      {
        "text": "전화",
        "userDefined": false
      },
      {
        "text": "번호 알려주세요",
        "userDefined": false
      }
    ],
    "isTemplate": false,
    "count": 0,
    "lang": "ko",
    "updated": 0
  }
]