[
  {
    "data": [
      {
        "text": "안녕하세요. 지난 학기부터 유병승 교수님께서 학부생 개별연구 과제를 올리셨다는데 학교 홈페이지나 학과 홈페이지를 봐도 공지나 정보 어떤 것도 찾지를 못하겠습니다. 최근 Q\u0026A에서 공과대학은 공과대학 학과홈페이지에서 학기 시작 후 공지를 한다고 나와있던데 저희는 학과사무실에 직접 문의를 해야 되는 겁니까?",
        "userDefined": false
      }
    ],
    "isTemplate": false,
    "count": 0,
    "lang": "ko",
    "updated": 0
  }
]