[
  {
    "data": [
      {
        "text": "안녕하세요. 저는 컴퓨터공학과 4학년에 재학중인 장현애라고 합니다. 다름이 아니라, Global Student Forum이라는 국제행사에서 포스터 발표자로 선정되었는데 이와 관련하여 행사등록비 등을 지원받을 수 있는지에 대해 공학교육혁신센터 및 컴퓨터공학과 학장님께 문의했더니 예산 등의 이유로 지원이 어렵다고 답변이 왔습니다. 그래서 이 부분에 대해 어디로 문의해야할 지 모르겠어서 온라인 상에서 질의를 드립니다. ",
        "userDefined": false
      }
    ],
    "isTemplate": false,
    "count": 0,
    "lang": "ko",
    "updated": 0
  }
]