[
  {
    "data": [
      {
        "text": "현재 군휴학중이고 2학기에 복학을 할 예정입니다.\n\n군대가기전에 봉사활동을 좀 했었는데\n\n했던 시간들을 학교에 등록하고 싶은데 어떻게 등록을 하면 되나요?\n\n\n\n따로 학교를 방문을 해야하는지 아니면 온라인으로 처리가 가능한지 궁금합니다.",
        "userDefined": false
      }
    ],
    "isTemplate": false,
    "count": 0,
    "lang": "ko",
    "updated": 0
  }
]