[
  {
    "data": [
      {
        "text": "이수학점 관련 문의드립니다.우선 저는 지리교육과 재학중입니다. 직전학기 15학점 이상 취득하고 4.0 넘었습니다. 또한 학석사연계과정 이수중입니다. 각각의 항을 만족하면 3학점 초과 이수가 가능한걸로 알고있는데, 24학점까지 초과 이수 가능한건가요?아니면 중복인정이 불가하여 21학점만 초과 가능한건가요?",
        "userDefined": false
      }
    ],
    "isTemplate": false,
    "count": 0,
    "lang": "ko",
    "updated": 0
  }
]