[
  {
    "data": [
      {
        "text": "안녕하세요 ,  다름아니라 제가 전에 대학을 다니다가 이번에 새로입학했는데, 제가 전 대학소속으로 국가장학금을 1차 신청을 했어가지고 국가장학금을 받지 못하게되었습니다. 그래서 문의해본 결과 입학한 대학의 부서엣 21-1학기 국가장학금 대학변경을 요청하라는 답변을 받았습니다. 혹시 확인 가능할까요 ?",
        "userDefined": false
      }
    ],
    "isTemplate": false,
    "count": 0,
    "lang": "ko",
    "updated": 0
  }
]