[
  {
    "data": [
      {
        "text": "한국장학재단에서 청소년교육지원장학금을 신청하려 했는데 동국대학교는 해당 장학금에 참여하지 않아 신청할 수 없다고 하더라고요. 동국대학교 경주캠퍼스는 해당 장학금에 참여하고 있던데 서울 캠퍼스는 참여 계획이 향후에도 없는지 궁금합니다.",
        "userDefined": false
      }
    ],
    "isTemplate": false,
    "count": 0,
    "lang": "ko",
    "updated": 0
  }
]