[
  {
    "data": [
      {
        "text": "안녕하세요. 드림패스 마일리지 적립 관련 문의드립니다. 정보화자격증, 자원봉사 시간 입력시 21.1.1.~21.6.30.에 취득한 자격증, 활동한 자원봉사만 마일리지 적립에 반영되나요? 또한, 마일리지 제공하는 비교과 프로그램은 5.28.~6.30.안에 더 신설될 예정이 있나요?",
        "userDefined": false
      }
    ],
    "isTemplate": false,
    "count": 0,
    "lang": "ko",
    "updated": 0
  }
]