[
  {
    "data": [
      {
        "text": "이번에 복학했는데 계절학기 수강할 수있나요?",
        "userDefined": false
      }
    ],
    "isTemplate": false,
    "count": 0,
    "lang": "ko",
    "updated": 0
  },
  {
    "data": [
      {
        "text": "휴학생도 계절학기 수강할 수 있나요?",
        "userDefined": false
      }
    ],
    "isTemplate": false,
    "count": 0,
    "lang": "ko",
    "updated": 0
  },
  {
    "data": [
      {
        "text": "계절학기 수강대상이 어떻게 되나요?",
        "userDefined": false
      }
    ],
    "isTemplate": false,
    "count": 0,
    "lang": "ko",
    "updated": 0
  }
]