[
  {
    "data": [
      {
        "text": "과사 연락처를 알고 싶어요",
        "userDefined": false
      }
    ],
    "isTemplate": false,
    "count": 0,
    "lang": "ko",
    "updated": 0
  },
  {
    "data": [
      {
        "text": "컴퓨터공학과 사무실 전화번호가 뭔가요?",
        "userDefined": false
      }
    ],
    "isTemplate": false,
    "count": 0,
    "lang": "ko",
    "updated": 0
  },
  {
    "data": [
      {
        "text": "컴퓨터공학과 사무실 연락처좀 알 수 있을까요?",
        "userDefined": false
      }
    ],
    "isTemplate": false,
    "count": 0,
    "lang": "ko",
    "updated": 0
  }
]