[
  {
    "data": [
      {
        "text": "2021년 여름학기 현장실습을 지원하려는 컴퓨터공학과 학생입니다 하지만 졸업요건을 맞춰야 하여 여름학기 개별연구도 신청했고 통과된 상태인데 현장실습 지원 최종 결과 발표가 6월초에 나오고 개별연구 진행시작일(6.22)보다 빠르므로 혹시 결과에 따라 늦게 개별연구 등록을 취소하거나 유지하는게 가능한지 궁금합니다.",
        "userDefined": false
      }
    ],
    "isTemplate": false,
    "count": 0,
    "lang": "ko",
    "updated": 0
  }
]