[
  {
    "data": [
      {
        "text": "군 전역 후 내년 3월 복학 예정인데 교직 이수 신청이 안 되네요… 휴학생은 무조건 안 되는 건가요??...... 복학 예정이라도??이번에 놓치면 내년에 신청해야 되는데... 4학년 올라갈 때 신청해도 되는 건가요?? 그리고 미리 과목을 들어놓고 신청해도 되는 건가요??",
        "userDefined": false
      }
    ],
    "isTemplate": false,
    "count": 0,
    "lang": "ko",
    "updated": 0
  }
]