[
  {
    "data": [
      {
        "text": "전 물리반도체과학부 소속이고 물리교육과 교직이수중입니다. 제가 부득이한 사정으로 2020년 1학기 교직이수 조건중 인성검사를 실시하지 못했습니다. 공지글 잘 읽어보니 사정 때문에 못한 학생들은 2학기때 검사할수 있다고 나와있는데 맞나요? 또 맞다면 그냥 2학기에 인성검사 시기가오면 그냥검사하는 건가요 아니면 지금 따로 신청을 해놔야 검사할수 있는것인가요",
        "userDefined": false
      }
    ],
    "isTemplate": false,
    "count": 0,
    "lang": "ko",
    "updated": 0
  }
]