[
  {
    "data": [
      {
        "text": "내년 1학기에 6개월 혹은 1년 교환학생을 다녀온 후 바로 교생실습을 나가고 싶은데 직접 학교를 섭외해서 가려면 학교현장실습동의서를 전학기 종강일 전까지 내라고 되어있습니다 그럼 교환학생을 갔다온 후 바로 하는 것은 완전 불가능 한건가요? 다른 방법은 없나요?",
        "userDefined": false
      }
    ],
    "isTemplate": false,
    "count": 0,
    "lang": "ko",
    "updated": 0
  }
]