[
  {
    "data": [
      {
        "text": "교육학과 입학 예정인 학생입니다! 철학과에 교직이수가 가능한 것을 보고, 교육학과에서도 윤리교사 자격증이 취득가능할지 궁금하여 문의드립니다. 교육학과에 들어가서 철학과를 복수 전공하면 윤리교사 자격증을 취득할 수 있는 요건이 되나요?? 안된다면, 철학과로 전과해서 교직이수는 가능한가요?? 감사합니다!",
        "userDefined": false
      }
    ],
    "isTemplate": false,
    "count": 0,
    "lang": "ko",
    "updated": 0
  }
]